;id;Lat;Lng;
07:03:08.688348;1;45.29294937193674;-88.9945323303055;IERS2010
07:03:24.330549;2;45.77083169464396;-87.77836294220673;IERS2010
07:03:39.882108;3;46.22701165204476;-86.55980728059615;IERS2010
07:03:55.584332;4;46.67330635034973;-85.30644051167295;IERS2010
07:04:11.151500;5;47.10037559353577;-84.04302899288798;IERS2010
07:04:26.834872;6;47.51500819906353;-82.7482868717254;IERS2010
07:04:42.563067;7;47.91416464198785;-81.42929456315072;IERS2010
07:04:58.257064;8;48.29574285657426;-80.09159602007745;IERS2010
07:05:13.957118;9;48.65990052619328;-78.73352738017721;IERS2010
07:05:29.647416;10;49.00617771603626;-77.35550729918454;IERS2010
07:05:45.350679;11;49.33425397192362;-75.9574563383998;IERS2010
07:06:01.048617;12;49.64361924856264;-74.54014960189488;IERS2010
07:06:16.726392;13;49.9333185082688;-73.10686947609238;IERS2010
07:06:32.452242;14;50.20425184625906;-71.65159010666781;IERS2010
07:06:48.147733;15;50.45459479307607;-70.18259803103295;IERS2010
07:07:03.840071;16;50.68447836727533;-68.69826612746566;IERS2010
07:07:19.534097;17;50.893590477616875;-67.19935694860074;IERS2010
07:07:35.234910;18;51.08166175174054;-65.68640859476798;IERS2010
07:07:50.923473;19;51.248157296828495;-64.16255775652408;IERS2010
07:08:06.626075;20;51.39306821947594;-62.62661418060483;IERS2010
07:08:22.324763;21;51.51596645338863;-61.081648231818946;IERS2010
07:08:38.018629;22;51.61664539084513;-59.529261897362424;IERS2010
07:08:53.714932;23;51.69497712352597;-57.97031042211921;IERS2010
07:09:09.422477;24;51.7508293299592;-56.40582114939401;IERS2010
07:09:25.142091;25;51.78408809421019;-54.83611577793679;IERS2010
07:09:40.838346;26;51.794608857919094;-53.267576137860125;IERS2010
07:09:56.534575;27;51.78245050825519;-51.69908778505867;IERS2010
07:10:12.236194;28;51.74762018842203;-50.13179650596093;IERS2010
07:10:27.920836;29;51.69024654046931;-48.569319471248775;IERS2010
07:10:43.620159;30;51.61034272096131;-47.01061030595384;IERS2010
07:10:59.344906;31;51.5078911825436;-45.45574195124871;IERS2010
07:11:15.045673;32;51.38339594261299;-43.91124425137367;IERS2010
07:11:30.772937;33;51.23666269718584;-42.37356802375479;IERS2010
07:11:46.473415;34;51.06845401423313;-40.84946039713231;IERS2010
07:12:02.192323;35;50.87857798575721;-39.33575758104064;IERS2010
07:12:17.891875;36;50.667806742907786;-37.837347802047425;IERS2010
07:12:33.585581;37;50.43635084550489;-36.354071374805926;IERS2010
07:12:49.301936;38;50.18420330800869;-34.884776411693466;IERS2010
07:13:05.003658;39;49.912195766773515;-33.43311510015303;IERS2010
07:13:20.721411;40;49.62026861558863;-31.997532495598414;IERS2010
07:13:36.422172;41;49.30946648642128;-30.58184482537836;IERS2010
07:13:52.117138;42;48.97997487653925;-29.185385317429496;IERS2010
07:14:07.809507;43;48.63234707108806;-27.809098047517942;IERS2010
07:14:23.503134;44;48.26690912053569;-26.452898903156864;IERS2010
07:14:39.194187;45;47.88429874308294;-25.117782347642155;IERS2010
07:14:54.885431;46;47.48474228458046;-23.803198236100176;IERS2010
07:15:10.590416;47;47.06834927546986;-22.508340936604174;IERS2010
07:15:26.299256;48;46.636032168399346;-21.234849906400846;IERS2010
07:15:42.006375;49;46.18844902007125;-19.983315640970858;IERS2010
07:15:57.709293;50;45.72580204186914;-18.752991137895542;IERS2010
07:16:13.402657;51;45.24910746512906;-17.545234782713933;IERS2010
07:16:29.095799;52;44.75842437821907;-16.35885004341852;IERS2010
07:16:44.784686;53;44.254354272499064;-15.194018629225551;IERS2010
07:17:00.469562;54;43.73737908689488;-14.05057826665329;IERS2010
07:17:16.137291;55;43.20837043254295;-12.929145681381922;IERS2010
07:17:31.806448;56;42.667194227211944;-11.828177246268588;IERS2010
07:17:47.464901;57;42.1146815932282;-10.748158594561048;IERS2010
07:18:03.117818;58;41.551077898622836;-9.68836613588921;IERS2010
07:18:18.775687;59;40.976590251533025;-8.648057342419404;IERS2010
07:18:34.479888;60;40.38957428532573;-7.623366265420862;IERS2010
07:18:50.138320;61;39.79431254522504;-6.620719213761837;IERS2010
07:19:05.785917;62;39.18976392116725;-5.6371165853505065;IERS2010
07:19:21.449414;63;38.57523686795916;-4.670438658691364;IERS2010
07:19:37.134938;64;37.95080597517732;-3.7199352453025902;IERS2010
07:19:52.784993;65;37.319176016521624;-2.788721902069515;IERS2010
07:20:08.476428;66;36.67750101081701;-1.8716822227031973;IERS2010
07:20:24.142485;67;36.02882871023964;-0.9723100247782409;IERS2010
07:20:39.806721;68;35.37254991220609;-0.08880757306372679;IERS2010
07:20:55.449846;69;34.709755768062955;0.7782673015383335;IERS2010
07:21:11.155521;70;34.03734101209029;1.6337192688986708;IERS2010
07:21:26.815603;71;33.3598964201461;2.47247652476027;IERS2010
07:21:42.499388;72;32.67483455820398;3.2985657575228085;IERS2010
07:21:58.135690;73;31.985568346269527;4.108676649810201;IERS2010
07:22:13.804230;74;31.28866828312477;4.907597971116486;IERS2010
07:22:29.485952;75;30.585526916886067;5.694359746541461;IERS2010
07:22:45.121267;76;29.87909423583432;6.466424718041554;IERS2010
07:23:00.784854;77;29.1657115547941;7.228486205535741;IERS2010
07:23:16.466209;78;28.446567069911502;7.979842084825239;IERS2010
07:23:32.120220;79;27.723769756927524;8.718939784303178;IERS2010
07:23:47.776493;80;26.996344294157065;9.447430215855965;IERS2010
07:24:03.429295;81;26.263617944069036;10.166556311095523;IERS2010
07:24:18.999057;82;25.531913689967645;10.870813630508803;IERS2010
07:24:34.516453;83;24.79801211067861;11.564048450844842;IERS2010
07:24:50.032612;84;24.06029628141875;12.248366466750069;IERS2010
07:25:05.544991;85;23.31908997983258;12.92398539054918;IERS2010
07:25:21.070830;86;22.573860416640937;13.591881667934906;IERS2010
07:25:36.586730;87;21.82536292170692;14.251853494786198;IERS2010
07:25:52.093279;88;21.074283503631115;14.90378210450278;IERS2010
07:26:07.608793;89;20.319908148791768;15.548753011142024;IERS2010
07:26:23.125853;90;19.562141369378182;16.187280199676056;IERS2010
07:26:38.654212;91;18.801439865084728;16.819402344749914;IERS2010
07:26:54.188632;92;18.037587084355128;17.44571273111525;IERS2010
07:27:09.699517;93;17.272380497436593;18.065161810557232;IERS2010
07:27:25.207547;94;16.50477603881136;18.6790158544519;IERS2010
07:27:40.721127;95;15.734829409780742;19.287622677937044;IERS2010
07:27:56.254744;96;14.961967304267267;19.891809362784386;IERS2010
07:28:11.757998;97;14.188243025524077;20.490352481911454;IERS2010
07:28:27.274250;98;13.412377347553127;21.08462179541837;IERS2010
07:28:42.794993;99;12.634132322625545;21.67515216723096;IERS2010
07:28:58.324912;100;11.853975026279814;22.26193615049027;IERS2010
07:29:13.830039;101;11.073438405060996;22.84417892212528;IERS2010
07:29:29.357874;102;10.290530607830545;23.423712015561502;IERS2010
07:29:44.865560;103;9.507442617413455;23.99925276151899;IERS2010
07:30:00.404448;104;8.721170041122408;24.57333648203383;IERS2010
07:30:15.919036;105;7.935433459965647;25.143572682673074;IERS2010
07:30:31.445336;106;7.147692312063868;25.712134063895757;IERS2010
07:30:46.963717;107;6.3596807591857;26.27808728964094;IERS2010
07:31:02.459405;108;5.570937261217922;26.842084565621356;IERS2010
07:31:17.935095;109;4.784705874758086;27.402133182443247;IERS2010
07:31:33.470946;110;3.9939667032959165;27.96354141413618;IERS2010
07:31:49.021478;111;3.2015717572176805;28.524576784727095;IERS2010
07:32:04.534889;112;2.410877122228651;29.083173592410677;IERS2010
07:32:20.059545;113;1.6195295698679035;29.64130436497929;IERS2010
07:32:35.602460;114;0.8268523722423692;30.199749284798855;IERS2010
07:32:51.139738;115;0.03417154257841246;30.75787804038035;IERS2010
07:33:06.658478;116;-0.7573772822902407;31.315195787487877;IERS2010
07:33:22.181488;117;-1.5490303015475573;31.872876704017024;IERS2010
07:33:37.700580;118;-2.3402869535521895;32.430872052431376;IERS2010
07:33:53.210629;119;-3.1307796338929648;32.989226061592106;IERS2010
07:34:08.729694;120;-3.921296185349268;33.54880053043661;IERS2010
07:34:24.264645;121;-4.712168041638579;34.11014048311919;IERS2010
07:34:39.794863;122;-5.502187855621999;34.672700151969416;IERS2010
07:34:55.344254;123;-6.292288280041596;35.23745771685941;IERS2010
07:35:10.895992;124;-7.082115825041744;35.804481240202506;IERS2010
07:35:26.414727;125;-7.8691671558010245;36.372284533125494;IERS2010
07:35:41.934306;126;-8.655264865184316;36.9424929156523;IERS2010
07:35:57.460954;127;-9.440419276165205;37.51543884334044;IERS2010
07:36:12.987195;128;-10.224728919222958;38.091525891204775;IERS2010
07:36:28.540271;129;-11.008878985858729;38.67160217872118;IERS2010
07:36:44.099205;130;-11.791690819592171;39.25514503253197;IERS2010
07:36:59.634931;131;-12.572184158829915;39.8417622510816;IERS2010
07:37:15.171883;132;-13.350922109355189;40.432218817662665;IERS2010
07:37:30.728355;133;-14.128616637815503;41.02741740953726;IERS2010
07:37:46.274047;134;-14.90428764910183;41.6269777733381;IERS2010
07:38:01.824910;135;-15.67782369349873;42.231181478684704;IERS2010
07:38:17.301221;136;-16.4457206257212;42.83762205656613;IERS2010
07:38:32.853383;137;-17.215154163757447;43.452355335186816;IERS2010
07:38:48.394229;138;-17.98183503933401;44.07239625137103;IERS2010
07:39:03.915482;139;-18.74478588971473;44.69733409290656;IERS2010
07:39:19.460866;140;-19.506320022162793;45.32947732704534;IERS2010
07:39:35.020020;141;-20.265724006171205;45.96868965886646;IERS2010
07:39:50.619542;142;-21.02395485151937;46.616257209092936;IERS2010
07:40:06.166955;143;-21.776950389874784;47.269151591279986;IERS2010
07:40:21.715856;144;-22.526572171142604;47.92940126473903;IERS2010
07:40:37.276987;145;-23.27342809160005;48.598023495014736;IERS2010
07:40:52.812832;146;-24.01551444809212;49.27369516870509;IERS2010
07:41:08.352276;147;-24.754049991831906;49.95799874316049;IERS2010
07:41:23.889155;148;-25.48840544119255;50.65085849836115;IERS2010
07:41:39.426437;149;-26.218915567095962;51.35311383254477;IERS2010
07:41:54.996689;150;-26.946915880621148;52.066644927911746;IERS2010
07:42:10.536504;151;-27.668705849798375;52.78838215409618;IERS2010
07:42:26.075775;152;-28.38619632307186;53.520768285323044;IERS2010
07:42:41.626415;153;-29.099224448043;54.26425171452339;IERS2010
07:42:57.149997;154;-29.806007802032394;55.017555048252596;IERS2010
07:43:12.686833;155;-30.508137664610683;55.78298092468238;IERS2010
07:43:28.235879;156;-31.205420278431472;56.5610114370794;IERS2010
07:43:43.749328;157;-31.895344651533804;57.34947056606122;IERS2010
07:43:59.301030;158;-32.58108531079974;58.15267916510797;IERS2010
07:44:14.930229;159;-33.264026559469904;58.97320003230591;IERS2010
07:44:30.488656;160;-33.93743616354016;59.80369784179138;IERS2010
07:44:46.013909;161;-34.6027198449907;60.64644684897313;IERS2010
07:45:01.574107;162;-35.26240404818639;61.50542451859632;IERS2010
07:45:17.084776;163;-35.913055443118104;62.37693657851347;IERS2010
07:45:32.605660;164;-36.55649620416783;63.26416337889595;IERS2010
07:45:48.139044;165;-37.19263196934518;64.16787232425024;IERS2010
07:46:03.667406;166;-37.820280325979354;65.08726639446557;IERS2010
07:46:19.184765;167;-38.43939221804556;66.02314119782845;IERS2010
07:46:34.721608;168;-39.05023184718265;66.97684958044938;IERS2010
07:46:50.254631;169;-39.65201227331753;67.94815575989665;IERS2010
07:47:05.790118;170;-40.24433520768507;68.93739936884674;IERS2010
07:47:21.454316;171;-40.83160469924749;69.95337396930458;IERS2010
07:47:37.128498;172;-41.40886728928756;70.98903716685835;IERS2010
07:47:52.788728;173;-41.97471507251886;72.04291394281405;IERS2010
07:48:08.451486;174;-42.52976318048406;73.117225636454;IERS2010
07:48:24.118159;175;-43.073091475491005;74.21134434063617;IERS2010
07:48:39.800916;176;-43.60524519772676;75.32760935942444;IERS2010
07:48:55.437116;177;-44.12326717849557;76.46087644062308;IERS2010
07:49:11.104680;178;-44.6293069208016;77.61693267910867;IERS2010
07:49:26.757825;179;-45.121708610273735;78.79328875050939;IERS2010
07:49:42.409052;180;-45.600297156353264;79.99069898737768;IERS2010
07:49:58.041690;181;-46.06424087309303;81.20824316347816;IERS2010
07:50:13.672127;182;-46.51334873192176;82.44656383557597;IERS2010
07:50:29.240623;183;-46.945648774498395;83.70108430506552;IERS2010
07:50:44.777363;184;-47.36164596147269;84.97395075238983;IERS2010
07:51:00.343465;185;-47.76251709277209;86.27002155741306;IERS2010
07:51:15.904749;186;-48.146878897229925;87.58627663361732;IERS2010
07:51:31.471616;187;-48.514426862991044;88.92293477304203;IERS2010
07:51:47.041451;188;-48.86490415902727;90.28044931049551;IERS2010
07:52:02.576179;189;-49.197224488701714;91.65584392444951;IERS2010
07:52:18.154529;190;-49.511361554974464;93.05014062705227;IERS2010
07:52:33.688497;191;-49.80646021093666;94.46061103593118;IERS2010
07:52:49.243122;192;-50.082900682544974;95.89031516096944;IERS2010
07:53:04.766403;193;-50.339405826620535;97.33378084567757;IERS2010
07:53:20.276060;194;-50.57596546970873;98.79166178487391;IERS2010
07:53:35.783219;195;-50.79240442357463;100.26389499570928;IERS2010
07:53:51.285139;196;-50.98836599355855;101.74914810336132;IERS2010
07:54:06.827584;197;-51.16401692121522;103.25041649202876;IERS2010
07:54:22.329049;198;-51.318223138901566;104.75920040350816;IERS2010
07:54:37.863402;199;-51.451444104361265;106.28109317132811;IERS2010
07:54:53.402476;200;-51.56315621284284;107.81231763828275;IERS2010
07:55:08.909063;201;-51.65290638771384;109.34701997571713;IERS2010
07:55:24.445963;202;-51.720920826934794;110.88985899567332;IERS2010
07:55:39.987585;203;-51.766941749268376;112.438036989585;IERS2010
07:55:55.510307;204;-51.790803060283004;113.98637234038083;IERS2010
07:56:11.038336;205;-51.79254464331538;115.53629017023334;IERS2010
07:56:26.563679;206;-51.77216618085949;117.08466450042604;IERS2010
07:56:42.207893;207;-51.72926928672288;118.6435314715019;IERS2010
07:56:57.848040;208;-51.664045557698564;120.19773486834247;IERS2010
07:57:13.501176;209;-51.57653770495366;121.74739365563788;IERS2010
07:57:29.150769;210;-51.466891691411156;123.29058124541551;IERS2010
07:57:44.805213;211;-51.33532005687205;124.82534661754647;IERS2010
07:58:00.465641;212;-51.18202071366174;126.35051411777373;IERS2010
07:58:16.108933;213;-51.00743568434765;127.86313927665147;IERS2010
07:58:31.776809;214;-50.81134953945547;129.36603401165496;IERS2010
07:58:47.432093;215;-50.59462536584588;130.85362112453157;IERS2010
07:59:03.092091;216;-50.35733587090548;132.32683343105256;IERS2010
07:59:18.758883;217;-50.099873848378415;133.78440074791015;IERS2010
07:59:34.434072;218;-49.822361984060215;135.2266727881404;IERS2010
07:59:50.118525;219;-49.52544952962011;136.65136243373846;IERS2010
08:00:05.805270;220;-49.20937795223575;138.05849280992118;IERS2010
08:00:21.482351;221;-48.8751602932932;139.44493431331486;IERS2010
08:00:37.160467;222;-48.52269281215887;140.8125053242097;IERS2010
08:00:52.826114;223;-48.153052206350836;142.15841038627462;IERS2010
08:01:08.504672;224;-47.76596138184575;143.4849966235478;IERS2010
08:01:24.196300;225;-47.36194662112133;144.79158460385545;IERS2010
08:01:39.891520;226;-46.9416104594142;146.0774266504097;IERS2010
08:01:55.584712;227;-46.50562210733963;147.34176460421628;IERS2010
08:02:11.279717;228;-46.054343296562735;148.58485032251565;IERS2010
08:02:26.979677;229;-45.58816056902453;149.80686721384228;IERS2010
08:02:42.691998;230;-45.10728900328505;151.008429697021;IERS2010
08:02:58.368213;231;-44.61370189822594;152.1859911303156;IERS2010
08:03:14.075571;232;-44.10578684242404;153.34466908445125;IERS2010
08:03:29.768579;233;-43.585539367139376;154.48107256247633;IERS2010
08:03:45.454823;234;-43.05291766811728;155.59659042488306;IERS2010
08:04:01.148618;235;-42.508020762315944;156.69217475797348;IERS2010
08:04:16.751506;236;-41.95461023277673;157.76174610795556;IERS2010
08:04:32.436216;237;-41.38730773215506;158.81686461897397;IERS2010
08:04:48.127412;238;-40.8091201959935;159.85273400709784;IERS2010
08:05:03.806229;239;-40.22070875617091;160.86925814241155;IERS2010
08:05:19.492788;240;-39.622152945665626;161.8673591767663;IERS2010
08:05:35.184151;241;-39.01376846793669;162.84751311147963;IERS2010
08:05:50.868137;242;-38.39639301437343;163.8093827445601;IERS2010
08:06:06.553275;243;-37.77021809381701;164.75367937646428;IERS2010
08:06:22.227537;244;-37.135580344007224;165.68086353527045;IERS2010
08:06:37.909562;245;-36.49253010870994;166.59178329978457;IERS2010
08:06:53.594736;246;-35.841420407253246;167.48681901534277;IERS2010
08:07:09.276030;247;-35.183005446908865;168.36581894248596;IERS2010
08:07:24.979342;248;-34.51615316956063;169.23109894307777;IERS2010
08:07:40.680541;249;-33.842161481779556;170.08173512662145;IERS2010
08:07:56.364672;250;-33.16227888778017;170.91699398928773;IERS2010
08:08:12.066890;251;-32.475111127612465;171.73937083082353;IERS2010
08:08:27.761302;252;-31.782213320266994;172.54774457197504;IERS2010
08:08:43.456220;253;-31.08294106460552;173.34360380841198;IERS2010
08:08:59.137981;254;-30.378855114737117;174.12590216538857;IERS2010
08:09:14.848927;255;-29.667748139861377;174.89775685905641;IERS2010
08:09:30.540637;256;-28.952198624201955;175.6570097129263;IERS2010
08:09:46.229930;257;-28.23151662707984;176.40506709485467;IERS2010
08:10:01.911894;258;-27.50565537375783;177.14259079790276;IERS2010
08:10:17.578316;259;-26.777525381583803;177.86729443671516;IERS2010
08:10:33.272770;260;-26.04280447559896;178.58407505983652;IERS2010
08:10:48.967656;261;-25.303967632968526;179.29103008018708;IERS2010
08:11:04.696212;262;-24.5590599775931;179.9905362752035;IERS2010
08:11:20.394813;263;-23.811841181982818;-179.32040705367976;IERS2010
08:11:36.088705;264;-23.06129488011095;-178.64028846712242;IERS2010
08:11:51.785305;265;-22.306672381917675;-177.96792328842403;IERS2010
08:12:07.482632;266;-21.54879390373776;-177.30355598448986;IERS2010
08:12:23.186077;267;-20.787563232124587;-176.6466200502713;IERS2010
08:12:38.888428;268;-20.023082857516687;-175.99674069499216;IERS2010
08:12:54.564899;269;-19.256760136311293;-175.35464098157374;IERS2010
08:13:10.273894;270;-18.486411349971213;-174.71804910077202;IERS2010
08:13:25.966157;271;-17.71384177846686;-174.08803733488045;IERS2010
08:13:41.668425;272;-16.93858837635158;-173.46380066284192;IERS2010
08:13:57.369175;273;-16.160734428442048;-172.84499872389273;IERS2010
08:14:13.058775;274;-15.38133270824184;-172.23205862221715;IERS2010
08:14:28.760384;275;-14.599104810412557;-171.6235800276616;IERS2010
08:14:44.459292;276;-13.815348585460994;-171.0201891578941;IERS2010
08:15:00.156039;277;-13.029432166682136;-170.42101861297027;IERS2010
08:15:15.854181;278;-12.242035469629222;-169.82621567559218;IERS2010
08:15:31.537586;279;-11.453332000836241;-169.23554108032442;IERS2010
08:15:47.232399;280;-10.662743883157223;-168.648204566814;IERS2010
08:16:02.907197;281;-9.870835347339018;-168.06427586968604;IERS2010
08:16:18.584147;282;-9.079346454380588;-167.4846779947443;IERS2010
08:16:34.282035;283;-8.284696473644852;-166.906449703076;IERS2010
08:16:49.974939;284;-7.489237378792957;-166.33097748982746;IERS2010
08:17:05.674235;285;-6.692469660008426;-165.75756730206817;IERS2010
08:17:21.377402;286;-5.89483041952144;-165.18620616962272;IERS2010
08:17:37.111234;287;-5.0944362587512995;-164.61522730783403;IERS2010
08:17:52.804071;288;-4.295736142081329;-164.04747915712215;IERS2010
08:18:08.506259;289;-3.49597500678794;-163.48067519220064;IERS2010
08:18:24.207966;290;-2.69599249342893;-162.9150926487378;IERS2010
08:18:39.926283;291;-1.8943985261086493;-162.34943347866476;IERS2010
08:18:55.629390;292;-1.0935351900794943;-161.7850346603586;IERS2010
08:19:11.328591;293;-0.29292091029731326;-161.2212399175905;IERS2010
08:19:27.020109;294;0.5077363590079917;-160.6575290657985;IERS2010
08:19:42.714912;295;1.3083045851790387;-160.09368104933407;IERS2010
08:19:58.410721;296;2.1087825741551702;-159.5293823878252;IERS2010
08:20:14.110409;297;2.9091883559568963;-158.96430501342672;IERS2010
08:20:29.814086;298;3.709374299450813;-158.39823631538778;IERS2010
08:20:45.513668;299;4.508834089036416;-157.8312170943653;IERS2010
08:21:01.205055;300;5.30762643138579;-157.26288739061712;IERS2010
08:21:16.807634;301;6.100854692149217;-156.6964299571421;IERS2010
08:21:32.502061;302;6.898404861654995;-156.12446170066576;IERS2010
08:21:48.184853;303;7.69424506247823;-155.55096296259975;IERS2010
08:22:03.885131;304;8.48999752032554;-154.9744338527363;IERS2010
08:22:19.574572;305;9.284146094708461;-154.39563638455616;IERS2010
08:22:35.274474;306;10.077609197809759;-153.8135623324138;IERS2010
08:22:50.974709;307;10.869752761190894;-153.2283295500162;IERS2010
08:23:06.674394;308;11.660468074822111;-152.63966954525023;IERS2010
08:23:22.369813;309;12.449207778940142;-152.0476394273046;IERS2010
08:23:38.066068;310;13.23674956360865;-151.45129485447018;IERS2010
08:23:53.757580;311;14.02208311339895;-150.8510339637029;IERS2010
08:24:09.448971;312;14.80530845187309;-150.24641385050876;IERS2010
08:24:25.152069;313;15.587314250365116;-149.63636034675315;IERS2010
08:24:40.845767;314;16.366693168191695;-149.021578175012;IERS2010
08:24:56.538717;315;17.143778645424817;-148.40141314969563;IERS2010
08:25:12.230767;316;17.918382783198464;-147.77560998119137;IERS2010
08:25:27.922138;317;18.69063381154529;-147.14364710476696;IERS2010
08:25:43.609001;318;19.45957244718892;-146.50589070187615;IERS2010
08:25:59.309012;319;20.226738853564274;-145.86061900178638;IERS2010
08:26:15.001632;320;20.99036672063061;-145.2088607660774;IERS2010
08:26:30.703910;321;21.751156289811785;-144.54956307119767;IERS2010
08:26:46.405675;322;22.50882053241741;-143.8824928292701;IERS2010
08:27:02.108291;323;23.26430687409057;-143.2062982396828;IERS2010
08:27:17.835014;324;24.01488977835734;-142.52291853127852;IERS2010
08:27:33.524678;325;24.761347748243708;-141.8311685837123;IERS2010
08:27:49.227565;326;25.504101275674667;-141.13013199365523;IERS2010
08:28:04.919484;327;26.24255341971099;-140.4198254517541;IERS2010
08:28:20.623875;328;26.976911860038236;-139.6994861962838;IERS2010
08:28:36.315677;329;27.706352047410633;-138.9693502473315;IERS2010
08:28:52.049562;330;28.433200333450003;-138.22643777416775;IERS2010
08:29:07.775196;331;29.154537931271065;-137.47306461619894;IERS2010
08:29:23.471374;332;29.86939229339485;-136.70967572058933;IERS2010
08:29:39.165203;333;30.578768750481146;-135.93459555279685;IERS2010
08:29:54.865836;334;31.28287183864841;-135.1469192422717;IERS2010
08:30:10.574842;335;31.981343376604173;-134.34633140158692;IERS2010
08:30:26.292417;336;32.67444653224018;-133.5317728329955;IERS2010
08:30:41.995412;337;33.36040460550608;-132.70459470568701;IERS2010
08:30:57.684654;338;34.039195954906496;-131.86412450739044;IERS2010
08:31:13.387442;339;34.71168142214802;-131.00851029303922;IERS2010
08:31:29.115268;340;35.377905937132006;-130.13680598520182;IERS2010
08:31:44.809002;341;36.03558563071265;-129.2511740359201;IERS2010
08:32:00.503640;342;36.68540661023076;-128.34989906823552;IERS2010
08:32:16.203047;343;37.32735100444964;-127.43211529296981;IERS2010
08:32:31.898322;344;37.9607693073453;-126.49783689816245;IERS2010
08:32:47.599241;345;38.58570657322738;-125.54605199717591;IERS2010
08:33:03.307452;346;39.20153676072886;-124.5767345557516;IERS2010
08:33:18.992352;347;39.807695189311374;-123.58980532079723;IERS2010
08:33:34.668602;348;40.40345717028211;-122.58550192235217;IERS2010
08:33:50.375766;349;40.99022562625262;-121.56036689618172;IERS2010
08:34:06.069183;350;41.56595808497206;-120.51683618741875;IERS2010
08:34:21.764645;351;42.130816136842604;-119.45356134072891;IERS2010
08:34:37.464942;352;42.68435261680953;-118.37025155925446;IERS2010
08:34:53.174786;353;43.226724424525116;-117.26537524404975;IERS2010
08:35:08.877071;354;43.75648884945141;-116.1406712778135;IERS2010
08:35:24.569041;355;44.27326827311314;-114.99584352174212;IERS2010
08:35:40.271493;356;44.777164392240586;-113.82946996051409;IERS2010
08:35:56.007911;357;45.26881019826883;-112.63860560924209;IERS2010
08:36:11.698205;358;45.74487145267063;-111.43011139365781;IERS2010
08:36:27.391887;359;46.20655353314164;-110.19991212037552;IERS2010
08:36:43.095454;360;46.6535707699523;-108.94740666042351;IERS2010
08:36:58.803032;361;47.08514780772142;-107.67340435483747;IERS2010
08:37:14.520845;362;47.50125127757901;-106.3765757107885;IERS2010
08:37:30.245330;363;47.9008805778794;-105.05860363640087;IERS2010
08:37:45.965499;364;48.283564357096765;-103.7197252044796;IERS2010
08:38:01.654526;365;48.64823513108089;-102.36255554036549;IERS2010
08:38:17.224514;366;48.992431459122066;-100.99616348691269;IERS2010
08:38:32.928105;367;49.32134348520008;-99.59854074403113;IERS2010
08:38:48.614294;368;49.63117810798679;-98.18340563129959;IERS2010
08:39:04.304926;369;49.921912917826155;-96.7496761236998;IERS2010
08:39:20.013530;370;50.19335869673869;-95.2967382124827;IERS2010
08:39:35.704682;371;50.44448712364839;-93.82878112557054;IERS2010
08:39:51.409285;372;50.67534707239852;-92.34433105378496;IERS2010
08:40:07.094704;373;50.885278965702256;-90.8463770926838;IERS2010
08:40:22.795522;374;51.07419202468736;-89.33436247840473;IERS2010
08:40:38.513924;375;51.24193258437886;-87.80768532469774;IERS2010
08:40:54.221956;376;51.38773059689171;-86.27196051940712;IERS2010
08:41:09.940716;377;51.51168085354989;-84.7249393963376;IERS2010
08:41:25.639784;378;51.61323806730322;-83.17234809385302;IERS2010
08:41:41.335270;379;51.6923993102237;-81.61407473155455;IERS2010
08:41:57.053178;380;51.74915394540944;-80.04832592748468;IERS2010
08:42:12.734732;381;51.783202813646405;-78.48250894608353;IERS2010
08:42:28.428643;382;51.79462367338812;-76.91423413563336;IERS2010
08:42:44.120714;383;51.78337336980923;-75.34603016489626;IERS2010
08:42:59.833879;384;51.749419291536164;-73.77758580888012;IERS2010
08:43:15.523202;385;51.69291993308756;-72.21464636034543;IERS2010
08:43:31.218037;386;51.61393523513329;-70.6564083461117;IERS2010
08:43:46.903964;387;51.51264302420781;-69.10504278233321;IERS2010
08:44:02.587674;388;51.38920614471703;-67.56166021969645;IERS2010
08:44:18.274744;389;51.24379854738365;-66.02730205110376;IERS2010
08:44:33.966738;390;51.076663419272236;-64.50345575519314;IERS2010
08:44:49.658699;391;50.88815898163758;-62.99212158500789;IERS2010
08:45:05.348719;392;50.678465897297386;-61.49353530791485;IERS2010
08:45:21.034734;393;50.448134686989505;-60.010326811243935;IERS2010
08:45:36.722647;394;50.1973684379688;-58.54244126548515;IERS2010
08:45:52.406221;395;49.926689391871506;-57.09161842717627;IERS2010
08:46:08.098447;396;49.636322263858986;-55.657766596172856;IERS2010
08:46:23.774888;397;49.32695829580146;-54.242957659075245;IERS2010
08:46:39.460065;398;48.9988497399711;-52.84696030078511;IERS2010
08:46:55.135541;399;48.652629113732424;-51.471100369639004;IERS2010
08:47:10.804832;400;48.2887577905466;-50.11578374300351;IERS2010
08:47:26.508363;401;47.906641209922014;-48.77773628277866;IERS2010
08:47:42.199549;402;47.50802633743904;-47.46192167450935;IERS2010
08:47:57.884416;403;47.09321724171174;-46.167852882658416;IERS2010
08:48:13.567016;404;46.66255129609628;-44.895207155048155;IERS2010
08:48:29.272017;405;46.215827966024214;-43.64221845158286;IERS2010
08:48:44.945739;406;45.75505686230724;-42.41317266422127;IERS2010
08:49:00.654421;407;45.278896086546354;-41.20320163589545;IERS2010
08:49:16.330289;408;44.78948017450877;-40.01649480929075;IERS2010
08:49:32.024918;409;44.286079166231005;-38.84997385446176;IERS2010
08:49:47.674486;410;43.77105759620665;-37.70773804660709;IERS2010
08:50:03.324380;411;43.24345988174073;-36.58625025504959;IERS2010
08:50:18.993394;412;42.70307914066321;-35.4839680861269;IERS2010
08:50:34.647813;413;42.15145556319303;-34.40288917041058;IERS2010
08:50:50.301105;414;41.58858103768387;-33.341794461999875;IERS2010
08:51:05.967131;415;41.01434554504936;-32.2994044630644;IERS2010
08:51:21.651401;416;40.42904706505121;-31.27526879387279;IERS2010
08:51:37.333824;417;39.83339048523422;-30.26962329914573;IERS2010
08:51:52.978790;418;39.22955173006337;-29.284980216802367;IERS2010
08:52:08.665052;419;38.614741959143956;-28.315775240317297;IERS2010
08:52:24.313445;420;37.99238038806829;-27.366422155314908;IERS2010
08:52:39.974352;421;37.36084675241133;-26.43341353328034;IERS2010
08:52:55.624938;422;36.72138545568079;-25.517660905822915;IERS2010
08:53:11.327457;423;36.07173878571211;-24.615133525645554;IERS2010
08:53:26.978879;424;35.416658118440914;-23.73154136922628;IERS2010
08:53:42.645878;425;34.75317057659946;-22.86193725659815;IERS2010
08:53:58.181731;426;34.08834768857999;-22.014503772955344;IERS2010
08:54:13.709361;427;33.41712975684822;-21.181676383740605;IERS2010
08:54:29.240740;428;32.73932481763931;-20.362442016173393;IERS2010
08:54:44.770615;429;32.05552917944233;-19.556776287929562;IERS2010
08:55:00.331230;430;31.364204955469514;-18.762206280798882;IERS2010
08:55:15.891994;431;30.666938452346514;-17.97992970635883;IERS2010
08:55:31.534725;432;29.96063539002603;-17.205938561613305;IERS2010
08:55:47.204982;433;29.248087103123588;-16.44279246059975;IERS2010
08:56:02.853085;434;28.53067759164394;-15.691345718636626;IERS2010
08:56:18.511433;435;27.808230752278245;-14.950776770611709;IERS2010
08:56:34.156046;436;27.081730649277905;-14.221464976301199;IERS2010
08:56:49.805372;437;26.350484969967198;-13.502108885515929;IERS2010
08:57:05.460077;438;25.614656326251676;-12.792307706932124;IERS2010
08:57:21.107755;439;24.875030239583747;-12.09225863132225;IERS2010
08:57:36.769859;440;24.130964644424818;-11.400815215953093;IERS2010
08:57:52.428051;441;23.382902508895594;-10.717879524395103;IERS2010
08:58:08.064310;442;22.632675545562556;-10.044582956472574;IERS2010
08:58:23.708999;443;21.878412390738923;-9.378729702137129;IERS2010
08:58:39.383608;444;21.119213527434326;-8.719089822498288;IERS2010
08:58:55.051840;445;20.357368262065783;-8.067204157819601;IERS2010
08:59:10.677378;446;19.594647305878873;-7.424079171172383;IERS2010
08:59:26.314101;447;18.828542592105073;-6.787125897151848;IERS2010
08:59:41.974578;448;18.05877819428629;-6.155706854873499;IERS2010
08:59:57.641822;449;17.2857185783154;-5.529723876249543;IERS2010
09:00:13.293848;450;16.511217542045937;-4.910259305344527;IERS2010
09:00:28.937415;451;15.734965188424468;-4.296638204883624;IERS2010
09:00:44.498412;452;14.960403696478718;-3.6911291326837956;IERS2010
09:00:59.984867;453;14.187708926581974;-3.0933909035945732;IERS2010
09:01:15.533924;454;13.40999368801583;-2.497715818951402;IERS2010
09:01:31.050873;455;12.632133981348678;-1.9074931177516594;IERS2010
09:01:46.555124;456;11.853478357457075;-1.3218468164546622;IERS2010
09:02:02.075374;457;11.072080184869467;-0.7389670196728417;IERS2010
09:02:17.590884;458;10.289696527191571;-0.15982811722587897;IERS2010
09:02:33.109410;459;9.505851412229957;0.41626282777241064;IERS2010
09:02:48.627510;460;8.720823731901005;0.9894329276239712;IERS2010
09:03:04.155086;461;7.934243815333132;1.5602778119384424;IERS2010
09:03:19.658123;462;7.148091134169025;2.1276909860579236;IERS2010
09:03:35.176600;463;6.359875206730694;2.693791823214865;IERS2010
09:03:50.687790;464;5.571375845702057;3.2576152769675466;IERS2010
09:04:06.211612;465;4.781676706183075;3.8201306908748682;IERS2010
09:04:21.739762;466;3.9911116292760647;4.381408816790057;IERS2010
09:04:37.266552;467;3.200320803330824;4.941304598881464;IERS2010
09:04:52.761500;468;2.4102780109008983;5.499439444596442;IERS2010
09:05:08.269733;469;1.6196396673704663;6.057069578889799;IERS2010
09:05:23.780181;470;0.8286406664744027;6.614332532770008;IERS2010
09:05:39.309100;471;0.03658453387869299;7.172021680024793;IERS2010
09:05:54.870278;472;-0.7570987710068872;7.730841937177861;IERS2010
09:06:10.394856;473;-1.5488246753091104;8.288573885648834;IERS2010
09:06:25.953579;474;-2.3420828985783384;8.847981381388115;IERS2010
09:06:41.488825;475;-3.133854619971659;9.407241927296576;IERS2010
09:06:57.044804;476;-3.9262846012796038;9.96817766315599;IERS2010
09:07:12.576376;477;-4.716963763343502;10.529390995631893;IERS2010
09:07:28.128262;478;-5.508090612802392;11.09275226300807;IERS2010
09:07:43.646634;479;-6.29681090518137;11.656538252855054;IERS2010
09:07:59.156417;480;-7.084297556672282;12.221892074150338;IERS2010
09:08:14.670181;481;-7.871108570271647;12.789529487822042;IERS2010
09:08:30.198268;482;-8.657631729232602;13.360055249066486;IERS2010
09:08:45.741471;483;-9.443807737711577;13.933759698901195;IERS2010
09:09:01.282139;484;-10.22864744937823;14.510254256245078;IERS2010
09:09:16.815709;485;-11.011797496410512;15.08960922459498;IERS2010
09:09:32.368007;486;-11.79446890142364;15.673064085824286;IERS2010
09:09:47.936686;487;-12.576401979389814;16.26078567499821;IERS2010
09:10:03.435512;488;-13.353567625256971;16.850073362872006;IERS2010
09:10:18.973745;489;-14.13019098392972;17.44446745386089;IERS2010
09:10:34.519933;490;-14.905483703450521;18.04374613070197;IERS2010
09:10:50.063154;491;-15.679047930476159;18.647981846495334;IERS2010
09:11:05.616772;492;-16.45075746383461;19.257461416550438;IERS2010
09:11:21.161106;493;-17.21987341872518;19.871987137126084;IERS2010
09:11:36.694799;494;-17.985925888254854;20.491564023565644;IERS2010
09:11:52.228943;495;-18.749283111765685;21.11688042171309;IERS2010
09:12:07.764672;496;-19.51052396883419;21.748829222492468;IERS2010
09:12:23.323813;497;-20.26989290658614;22.38806201080422;IERS2010
09:12:38.860577;498;-21.025271657945666;23.033228042600385;IERS2010
09:12:54.496685;499;-21.78235605961123;23.689712958046663;IERS2010
09:13:10.031896;500;-22.53128780553667;24.349425887801694;IERS2010
09:13:25.567396;501;-23.276902947939185;25.016997863125013;IERS2010
09:13:41.074813;502;-24.017610492770146;25.69145737874998;IERS2010
09:13:56.605035;503;-24.755697667057206;26.375376178641886;IERS2010
09:14:12.148339;504;-25.49054541066603;27.068733219954794;IERS2010
09:14:27.658796;505;-26.219578152622226;27.7695936300805;IERS2010
09:14:43.188318;506;-26.945668573336334;28.481246840388348;IERS2010
09:14:58.704778;507;-27.666559572784173;29.202050542816444;IERS2010
09:15:14.238925;508;-28.383459947349248;29.93378197026666;IERS2010
09:15:29.781753;509;-29.096342068684294;30.677049726156955;IERS2010
09:15:45.337716;510;-29.804597823016636;31.431871462291053;IERS2010
09:16:00.853003;511;-30.505783095997387;32.19622039676427;IERS2010
09:16:16.373648;512;-31.20175915114146;32.97271366065736;IERS2010
09:16:31.891221;513;-31.89175749379405;33.76115682106297;IERS2010
09:16:47.426039;514;-32.5769813014708;34.563647334822825;IERS2010
09:17:02.952546;515;-33.25549422468384;35.378652133056804;IERS2010
09:17:18.484309;516;-33.92782869870129;36.207528472262965;IERS2010
09:17:34.008738;517;-34.59320627028545;37.0500679036553;IERS2010
09:17:49.527426;518;-35.25137120987629;37.90669431360477;IERS2010
09:18:05.063251;519;-35.903034958292146;38.77915850083659;IERS2010
09:18:20.604576;520;-36.54742582123932;39.66730793234235;IERS2010
09:18:36.161255;521;-37.18463464911852;40.57217437829544;IERS2010
09:18:51.818763;522;-37.817753509382335;41.49934184136457;IERS2010
09:19:07.361455;523;-38.43772502847565;42.43641504675097;IERS2010
09:19:22.914715;524;-39.04933516555517;43.39126089475115;IERS2010
09:19:38.442284;525;-39.65082093887502;44.36203457525078;IERS2010
09:19:53.993649;526;-40.243754261540694;45.35224647492282;IERS2010
09:20:09.554104;527;-40.82703095675747;46.3611529929154;IERS2010
09:20:25.104082;528;-41.39998000225522;47.388633114834654;IERS2010
09:20:40.665259;529;-41.96260510957057;48.43576934197876;IERS2010
09:20:56.301201;530;-42.516662769513594;49.50721328240101;IERS2010
09:21:11.952704;531;-43.05991557884876;50.60011773443673;IERS2010
09:21:27.588356;532;-43.59064166487745;51.712183375560805;IERS2010
09:21:43.230877;533;-44.10934120672175;52.84560326265058;IERS2010
09:21:58.782308;534;-44.612165989320026;53.99276149961593;IERS2010
09:22:14.328109;535;-45.10158063110763;55.159971412608165;IERS2010
09:22:29.862267;536;-45.57733961875483;56.34778810801989;IERS2010
09:22:45.396836;537;-46.03900378190758;57.55629930541434;IERS2010
09:23:00.933332;538;-46.48615715697415;58.78561918656336;IERS2010
09:23:16.487200;539;-46.91911632204469;60.03800754035569;IERS2010
09:23:32.014306;540;-47.33582534102537;61.30874068634157;IERS2010
09:23:47.547123;541;-47.736871381674035;62.60070942970194;IERS2010
09:24:03.060206;542;-48.12100568584202;63.9110265098143;IERS2010
09:24:18.594621;543;-48.489202239565564;65.24434638543758;IERS2010
09:24:34.137179;544;-48.840219977027054;66.59773135623576;IERS2010
09:24:49.693603;545;-49.17383569755998;67.97173788363963;IERS2010
09:25:05.225749;546;-49.48882871870282;69.36253134523335;IERS2010
09:25:20.785973;547;-49.7857034344328;70.77361093922828;IERS2010
09:25:36.324768;548;-50.063343967199124;72.20104719961678;IERS2010
09:25:51.857345;549;-50.32143008692232;73.64419835524838;IERS2010
09:26:07.386438;550;-50.55971227771048;75.10274823037831;IERS2010
09:26:22.917596;551;-50.777923324706144;76.5762820503272;IERS2010
09:26:38.461053;552;-50.975839171644516;78.06473952730947;IERS2010
09:26:54.001051;553;-51.15290299602056;79.5652855790155;IERS2010
09:27:09.519881;554;-51.308708904792184;81.0752515836253;IERS2010
09:27:25.069771;555;-51.443415657518045;82.59745723857635;IERS2010
09:27:40.614300;556;-51.55657926893853;84.12875676296609;IERS2010
09:27:56.249828;557;-51.64840943930607;85.67585133143821;IERS2010
09:28:11.924689;558;-51.71819471805736;87.23249245600691;IERS2010
09:28:27.572335;559;-51.7654970416169;88.79064671179316;IERS2010
09:28:43.215462;560;-51.790367243775165;90.35094434986884;IERS2010
09:28:58.854546;561;-51.79277987486102;91.91182772594969;IERS2010
09:29:14.508067;562;-51.77270919343804;93.47360153230568;IERS2010
09:29:30.151582;563;-51.73021688037228;95.0319927518909;IERS2010
09:29:45.805350;564;-51.66531002360746;96.58781379409761;IERS2010
09:30:01.420747;565;-51.578263858768985;98.1360999516434;IERS2010
09:30:16.908546;566;-51.47046560849451;99.66069352271884;IERS2010
09:30:32.469905;567;-51.34038129370121;101.18667057811754;IERS2010
09:30:48.003136;568;-51.18910155358818;102.70056423748272;IERS2010
09:31:03.513280;569;-51.01698276371938;104.20106314310311;IERS2010
09:31:19.059751;570;-50.82364084127085;105.69255385660529;IERS2010
09:31:34.587164;571;-50.60999476343283;107.16889847004708;IERS2010
09:31:50.238019;572;-50.37429917068817;108.64187852489468;IERS2010
09:32:05.898481;573;-50.11823902059641;110.10040538076987;IERS2010
09:32:21.539034;574;-49.84270716324868;111.54069332278046;IERS2010
09:32:37.191199;575;-49.54770938727326;112.9640974542585;IERS2010
09:32:52.869985;576;-49.23323761124103;114.37158504967309;IERS2010
09:33:08.546379;577;-48.90030373288548;115.75969795370375;IERS2010
09:33:24.224453;578;-48.54924219780658;117.12836367090341;IERS2010
09:33:39.899749;579;-48.18063723370718;118.47662554660394;IERS2010
09:33:55.588280;580;-47.79455301310114;119.80548193534257;IERS2010
09:34:11.270675;581;-47.3920352698984;121.11262197802814;IERS2010
09:34:26.933829;582;-46.9736484245406;122.39767950290393;IERS2010
09:34:42.605888;583;-46.539414368624726;123.66193441913086;IERS2010
09:34:58.308665;584;-46.089173190026024;124.90694432849007;IERS2010
09:35:13.995521;585;-45.624356753534286;126.12992178493079;IERS2010
09:35:29.713726;586;-45.144517626798546;127.3332353022466;IERS2010
09:35:45.421453;587;-44.65083444498202;128.5150772558472;IERS2010
09:36:01.150904;588;-44.143360497891685;129.67651951735633;IERS2010
09:36:16.699953;589;-43.62852688473493;130.8048269308885;IERS2010
09:36:32.412975;590;-43.095999833904095;131.92389446882243;IERS2010
09:36:48.105814;591;-42.55207494373809;133.02105502971148;IERS2010
09:37:03.792375;592;-41.99673733674347;134.0976111194354;IERS2010
09:37:19.494849;593;-41.42959735740706;135.15541568340814;IERS2010
09:37:35.194576;594;-40.85172550478403;136.19353306360105;IERS2010
09:37:50.882425;595;-40.26386954125114;137.21176082781747;IERS2010
09:38:06.591134;596;-39.66516862032138;138.2126199762888;IERS2010
09:38:22.272868;597;-39.05782693260613;139.19347919200325;IERS2010
09:38:37.951481;598;-38.44132930144024;140.15627490454256;IERS2010
09:38:53.634800;599;-37.81570058771916;141.1019438558347;IERS2010
09:39:09.339002;600;-37.180606992384185;142.0318696529341;IERS2010
09:39:25.055823;601;-36.53666702871247;142.94598106253747;IERS2010
09:39:40.733418;602;-35.88659130733808;143.8414166447786;IERS2010
09:39:56.417588;603;-35.228403456338356;144.7218603175034;IERS2010
09:40:12.089555;604;-34.56320512345144;145.58667946151277;IERS2010
09:40:27.771071;605;-33.89086161086722;146.43688731818054;IERS2010
09:40:43.446704;606;-33.21168325761559;147.27288360326816;IERS2010
09:40:59.134516;607;-32.52561676851853;148.09548923368445;IERS2010
09:41:14.828047;608;-31.83301445097868;148.90500518371832;IERS2010
09:41:30.526994;609;-31.134162324048603;149.70180627580157;IERS2010
09:41:46.224747;610;-30.429583870900075;150.48599752697612;IERS2010
09:42:01.917911;611;-29.71966660670177;151.25784548813377;IERS2010
09:42:17.516655;612;-29.008933671201248;152.0132692642197;IERS2010
09:42:33.210639;613;-28.288403228876778;152.76245024278114;IERS2010
09:42:48.894368;614;-27.56367189721408;153.50005394734748;IERS2010
09:43:04.595222;615;-26.83345601413206;154.22799116710638;IERS2010
09:43:20.285812;616;-26.099261419632818;154.94534092181308;IERS2010
09:43:36.004211;617;-25.359427780154395;155.6542748093148;IERS2010
09:43:51.727659;618;-24.61524138723863;156.35407408252044;IERS2010
09:44:07.423361;619;-23.868451651693853;157.04366346349858;IERS2010
09:44:23.121488;620;-23.117793592508473;157.72476644880305;IERS2010
09:44:38.816441;621;-22.363697737419873;158.3975025068553;IERS2010
09:44:54.509017;622;-21.606515368367575;159.06206391144624;IERS2010
09:45:10.209212;623;-20.84527479214821;159.7197755621809;IERS2010
09:45:25.936925;624;-20.07998900176975;160.3710614741036;IERS2010
09:45:41.655599;625;-19.31199412617729;161.01523004390637;IERS2010
09:45:57.347495;626;-18.542281708831734;161.65192014982918;IERS2010
09:46:13.043425;627;-17.76991608961209;162.28235913359052;IERS2010
09:46:28.743602;628;-16.994794465995756;162.90705108416512;IERS2010
09:46:44.444536;629;-16.217250905143548;163.52613667840953;IERS2010
09:47:00.141700;630;-15.437616581750888;164.1397586477555;IERS2010
09:47:15.830299;631;-14.656277803283693;164.74801611688744;IERS2010
09:47:31.541815;632;-13.87195848904464;165.35228283103626;IERS2010
09:47:47.230913;633;-13.08652043200428;165.95150100387153;IERS2010
09:48:02.928964;634;-12.299260693966119;166.54658656174135;IERS2010
09:48:18.603626;635;-11.511115313238822;167.13720335652863;IERS2010
09:48:34.308689;636;-10.720297390725763;167.72504506381355;IERS2010
09:48:49.994313;637;-9.928625207862812;168.30910710924437;IERS2010
09:49:05.694075;638;-9.135383333384926;168.8902667845453;IERS2010
09:49:21.421488;639;-8.339322657952824;169.4697680242358;IERS2010
09:49:37.146654;640;-7.542224857098695;170.04664205384356;IERS2010
09:49:52.866640;641;-6.744309416417727;170.62106652105055;IERS2010
09:50:08.590890;642;-5.945641417020646;171.19332740073528;IERS2010
09:50:24.279573;643;-5.147627650153882;171.76275124608142;IERS2010
09:50:39.977086;644;-4.348694335038741;172.33078970555815;IERS2010
09:50:55.673143;645;-3.5492689708058194;172.89745892933504;IERS2010
09:51:11.374309;646;-2.749321426113702;173.46309906103474;IERS2010
09:51:27.068078;647;-1.9492239426453173;174.0277641850647;IERS2010
09:51:42.761606;648;-1.1486535469697452;174.59199791904774;IERS2010
09:51:58.451405;649;-0.3483138143389574;175.15561917472064;IERS2010
09:52:14.145639;650;0.4522778721608368;175.71928203670433;IERS2010
09:52:29.837502;651;1.2527403929522982;176.28303200972252;IERS2010
09:52:45.530713;652;2.0530709935702385;176.84718124912064;IERS2010
09:53:01.245376;653;2.853655910985757;177.4123175967162;IERS2010
09:53:16.828683;654;3.648230693221039;177.97432336121057;IERS2010
09:53:32.520665;655;4.447494551874115;178.54108056253526;IERS2010
09:53:48.237500;656;5.247625732918861;179.11021621106232;IERS2010
09:54:03.941356;657;6.046049555490763;179.68022206661533;IERS2010
09:54:19.660510;658;6.844903088381029;-179.74705037398658;IERS2010
09:54:35.350627;659;7.641193110021845;-179.17342209032688;IERS2010
09:54:51.071764;660;8.438097609134752;-178.59627279934148;IERS2010
09:55:06.772634;661;9.232870462407133;-178.01725338281707;IERS2010
09:55:22.465613;662;10.025866700168775;-177.43577722172134;IERS2010
09:55:38.157529;663;10.817899506448356;-176.8509066932696;IERS2010
09:55:53.844387;664;11.608079124727642;-176.2629517164232;IERS2010
09:56:09.544526;665;12.397356531192838;-175.67084922096657;IERS2010
09:56:25.245604;666;13.18507983123901;-175.07472149567778;IERS2010
09:56:40.941284;667;13.970725427513585;-174.4746004433549;IERS2010
09:56:56.658750;668;14.755394682308735;-173.86926419442509;IERS2010
09:57:12.383912;669;15.538626168469984;-173.25866919345145;IERS2010
09:57:28.136614;670;16.321277124761977;-172.6417285251474;IERS2010
09:57:43.836691;671;17.098837354687753;-172.02161477149755;IERS2010
09:57:59.538488;672;17.873907982427152;-171.3958867692434;IERS2010
09:58:15.224871;673;18.646043091875505;-170.76449610338017;IERS2010
09:58:30.935756;674;19.416530279155808;-170.12595344836814;IERS2010
09:58:46.624567;675;20.183130402473367;-169.48167869066896;IERS2010
09:59:02.326432;676;20.947392089398793;-168.82992992685166;IERS2010
09:59:18.021841;677;21.708201629060504;-168.17119188293123;IERS2010
09:59:33.717380;678;22.465752952179322;-167.5048309315042;IERS2010
09:59:49.438769;679;23.221137721182906;-166.82937357755608;IERS2010
10:00:05.140802;680;23.971972495380253;-166.14644428348092;IERS2010
10:00:20.836806;681;24.7187675482129;-165.4550935439814;IERS2010
10:00:36.529237;682;25.461440850215713;-164.75488040756406;IERS2010
10:00:52.222861;683;26.200045734047123;-164.0452143982725;IERS2010
10:01:07.948028;684;26.935631839754496;-163.32448865471702;IERS2010
